,cluster,Age,Recencia,Frecuencia,Valor
0,0,0.35374149659863946,0.3584905660377359,0.2424242424242424,0.3904320987654321
1,1,0.5918367346938775,1.0,0.12727272727272726,0.8888888888888888
2,2,0.12059369202226344,0.027444253859348178,0.09917355371900824,0.09617003367003374
3,3,0.8448979591836735,0.21132075471698114,0.0,0.14259259259259258
4,4,0.4013605442176871,0.3207547169811321,0.909090909090909,0.23225308641975306
